0.281840995,0.453493697,0.845522986,0,0,0,0,0,0,0,0,0,0,0,0,0,0,0,0,0,0,0,0,0,0,0,0,0,0,0,0,0,0,0,0,0,0,0,0,0,0,0,0,0,0,0,0,0,0,0,0,0,0,0,0,0,0,0,0,0,0,0,0,0,0,0,0,0,0,0,0,0,0,0,0,0,0,0,0,0,0,0,0,0,0,0,0,0,0,0,0,0,0,0,0,0,0,0,0,0,0,0,0,0,0,0,0,0,0,0,0,0,0,0,0,0,0,0,0,0,0,0,0,0,0,0,0,0,0,0,0,0,0,0,0,0,0,0,0,0,0,0,0,0,0,0,0,0,0,0,0,3
0,0,0,0.151446832,0.18930854,0.288190881,0.035675151,0.037861708,0.467004122,0.051736084,0.182763114,0.285401211,0.142700606,0.047025333,0.321076363,0.121157708,0.040385903,0.040385903,0.043371391,0.040385903,0.051736084,0.037861708,0.051736084,0.047025333,0.348428647,0.058375515,0.365526227,0.173485564,0.261321485,0.083175099,0,0,0,0,0,0,0,0,0,0,0,0,0,0,0,0,0,0,0,0,0,0,0,0,0,0,0,0,0,0,0,0,0,0,0,0,0,0,0,0,0,0,0,0,0,0,0,0,0,0,0,0,0,0,0,0,0,0,0,0,0,0,0,0,0,0,0,0,0,0,0,0,0,0,0,0,0,0,0,0,0,0,0,0,0,0,0,0,0,0,0,0,0,0,0,0,0,0,0,0,0,0,0,0,0,0,0,0,0,0,0,0,0,0,0,0,0,0,0,0,0,0
0,0.158652441,0.147900937,0,0,0.041695309,0.046453163,0,0,0.067366351,0.634609764,0,0,0,0,0,0,0,0,0,0,0,0,0,0.567117876,0,0.03966311,0,0.151231434,0,0.092906327,0.076011656,0.067366351,0.056474555,0.067366351,0.06123241,0.11294911,0.13935949,0.056474555,0.157761315,0.1318254,0.134732703,0.263650799,0,0,0,0,0,0,0,0,0,0,0,0,0,0,0,0,0,0,0,0,0,0,0,0,0,0,0,0,0,0,0,0,0,0,0,0,0,0,0,0,0,0,0,0,0,0,0,0,0,0,0,0,0,0,0,0,0,0,0,0,0,0,0,0,0,0,0,0,0,0,0,0,0,0,0,0,0,0,0,0,0,0,0,0,0,0,0,0,0,0,0,0,0,0,0,0,0,0,0,0,0,0,0,0,0,0,0,0,4
0,0,0,0,0,0,0,0,0,0,0,0,0,0,0,0,0,0,0,0,0,0,0,0,0,0,0,0,0,0,0,0,0,0,0,0,0,0,0,0,0,0,0,0,0,0,0,0,0,0,0,0,0,0,0,0,0,0,0,0,0,0,0,0,0,0,0,0,0,0,0,0,0,0,0,0,0,0,0,0,0,0,0,0,0,0,0,0,0,0,0,0,0,0,0,0,0,0,0,0,0,0,0,0,0,0,0,0,0,0,0,0,0,0,0,0,0,0,0,0,0,0,0,0,0,0,0,0,0,0,0,0,0,0,0,0,0,0,0,0,0,0,0,0,0,0,0,0,0,0,0,1
0,0,0,0,0,0,0,0,0,0,0,0,0,0,0,0,0,0,0,0,0,0,0,0,0,0,0,0,0,0,0,0,0,0,0,0,0,0,0,0,0,0,0,0,0,0,0,0,0,0,0,0,0,0,0,0,0,0,0,0,0,0,0,0,0,0,0,0,0,0,0,0,0,0,0,0,0,0,0,0,0,0,0,0,0,0,0,0,0,0,0,0,0,0,0,0,0,0,0,0,0,0,0,0,0,0,0,0,0,0,0,0,0,0,0,0,0,0,0,0,0,0,0,0,0,0,0,0,0,0,0,0,0,0,0,0,0,0,0,0,0,0,0,0,0,0,0,0,0,0,0,1
0,0,0,0,0,0,0,0,0,0,0,0,0,0,0,0,0,0,0,0,0,0,0,0,0,0,0,0,0,0,0,0,0,0,0,0,0,0,0,0,0,0,0,0,0,0,0,0,0,0,0,0,0,0,0,0,0,0,0,0,0,0,0,0,0,0,0,0,0,0,0,0,0,0,0,0,0,0,0,0,0,0,0,0,0,0,0,0,0,0,0,0,0,0,0,0,0,0,0,0,0,0,0,0,0,0,0,0,0,0,0,0,0,0,0,0,0,0,0,0,0,0,0,0,0,0,0,0,0,0,0,0,0,0,0,0,0,0,0,0,0,0,0,0,0,0,0,0,0,0,0,1
0,0.033723126,0.125751157,0,0,0,0,0,0,0,0.168615632,0,0,0,0,0,0.044711612,0,0,0.044711612,0,0.041917052,0,0.052062188,0.964371563,0,0.067446253,0,0.064291438,0,0,0,0,0,0,0,0,0,0,0,0,0,0,0.057277505,0.064628081,0,0,0,0,0,0,0,0,0,0,0,0,0,0,0,0,0,0,0,0,0,0,0,0,0,0,0,0,0,0,0,0,0,0,0,0,0,0,0,0,0,0,0,0,0,0,0,0,0,0,0,0,0,0,0,0,0,0,0,0,0,0,0,0,0,0,0,0,0,0,0,0,0,0,0,0,0,0,0,0,0,0,0,0,0,0,0,0,0,0,0,0,0,0,0,0,0,0,0,0,0,0,0,0,0,0,4
0,0,0,0,0,0,0,0,0,0,0,0,0,0,0,0,0,0,0,0,0,0,0,0,0,0,0,0,0,0,0,0,0,0,0,0,0,0,0,0,0,0,0,0,0,0,0,0,0,0,0,0,0,0,0,0,0,0,0,0,0,0,0,0,0,0,0,0,0,0,0,0,0,0,0,0,0,0,0,0,0,0,0,0,0,0,0,0,0,0,0,0,0,0,0,0,0,0,0,0,0,0,0,0,0,0,0,0,0,0,0,0,0,0,0,0,0,0,0,0,0,0,0,0,0,0,0,0,0,0,0,0,0,0,0,0,0,0,0,0,0,0,0,0,0,0,0,0,0,0,0,1
0.000367358,0,0,0,0,0,0,0,0,0,0,0,0,0,0,0.999999281,0,0,0,0,0,0,0,0,0.000939076,0,0,0,0.000187815,0.000538011,0,0,0,0,0,0,0,0,0,0.000261233,0,0,0,0,0,0.000167325,0,0,0,0,0,0,0,0,0,0,0,0,0,0,0,0,0,0,0,0,0,0,0,0,0,0,0,0,0,0,0,0,0,0,0,0,0,0,0,0,0,0,0,0,0,0,0,0,0,0,0,0,0,0,0,0,0,0,0,0,0,0,0,0,0,0,0,0,0,0,0,0,0,0,0,0,0,0,0,0,0,0,0,0,0,0,0,0,0,0,0,0,0,0,0,0,0,0,0,0,0,0,0,0,0,1
0,0.022936434,0,0,0,0,0,0,0,0,0.038227391,0,0.017908663,0,0,0,0,0,0,0,0,0,0,0,0.422695821,0,0.084100259,0.032658178,0.014575718,0.041753288,0,0,0.012985567,0,0,0,0,0,0,0.020273426,0.01694048,0,0.01694048,0,0,0,0.857047406,0.054430297,0.259711335,0.043544238,0.025971134,0.011803186,0.010886059,0,0,0,0,0,0,0,0,0,0,0,0,0,0,0,0,0,0,0,0,0,0,0,0,0,0,0,0,0,0,0,0,0,0,0,0,0,0,0,0,0,0,0,0,0,0,0,0,0,0,0,0,0,0,0,0,0,0,0,0,0,0,0,0,0,0,0,0,0,0,0,0,0,0,0,0,0,0,0,0,0,0,0,0,0,0,0,0,0,0,0,0,0,0,0,0,0,0,5
0,0.014855659,0,0,0,0.005856304,0.004349712,0,0,0,0.37881931,0.004349712,0.006524567,0,0.008699423,0,0.002462036,0,0,0,0,0.004616309,0,0,0.152228407,0,0.029711318,0,0.113286257,0.005070584,0,0,0,0.00264404,0,0.005733589,0.010576159,0.004349712,0.00264404,0.009848145,0.02263006,0.615025061,0.156353141,0.003153975,0,0,0.201854379,0.029084438,0.028385772,0.018508279,0,0.002866794,0.013220199,0.005733589,0.039392579,0.00264404,0.002866794,0.002462036,0.010576159,0.02006756,0.002308154,0.005733589,0.003558733,0.608717111,0.003558733,0,0,0,0,0,0,0,0,0,0,0,0,0,0,0,0,0,0,0,0,0,0,0,0,0,0,0,0,0,0,0,0,0,0,0,0,0,0,0,0,0,0,0,0,0,0,0,0,0,0,0,0,0,0,0,0,0,0,0,0,0,0,0,0,0,0,0,0,0,0,0,0,0,0,0,0,0,0,0,0,0,0,0,0,0,0,4
0.02554503,0.041102999,0.076635091,0.102180122,0.102180122,0.194440377,0.024069776,0.02554503,0,0,0.822059988,0.192558207,0.072209328,0.031727664,0.240697759,0,0,0.027248087,0.029262375,0,0,0,0,0,0.254672576,0,0.123308998,0,0.195901982,0,0.024069776,0,0,0.029262375,0,0,0,0,0,0,0.136611055,0,0.113842546,0,0,0,0,0,0,0,0,0,0,0,0.027248087,0,0,0,0,0,0,0,0,0,0,0.031727664,0,0,0,0,0,0,0,0,0,0,0,0,0,0,0,0,0,0,0,0,0,0,0,0,0,0,0,0,0,0,0,0,0,0,0,0,0,0,0,0,0,0,0,0,0,0,0,0,0,0,0,0,0,0,0,0,0,0,0,0,0,0,0,0,0,0,0,0,0,0,0,0,0,0,0,0,0,0,0,0,0,0,0,0,0,0
0,0,0,0,0,0,0,0,0,0,0,0,0,0,0,0,0,0,0,0,0,0,0,0,0,0,0,0,0,0,0,0,0,0,0,0,0,0,0,0,0,0,0,0,0,0,0,0,0,0,0,0,0,0,0,0,0,0,0,0,0,0,0,0,0,0,0,0,0,0,0,0,0,0,0,0,0,0,0,0,0,0,0,0,0,0,0,0,0,0,0,0,0,0,0,0,0,0,0,0,0,0,0,0,0,0,0,0,0,0,0,0,0,0,0,0,0,0,0,0,0,0,0,0,0,0,0,0,0,0,0,0,0,0,0,0,0,0,0,0,0,0,0,0,0,0,0,0,0,0,0,1
0.678267934,0.423951721,0,0,0.010434891,0.075014355,0.004916132,0,0,0,0.172099213,0.019664529,0.009832264,0,0.039329058,0.128001589,0,0.116871016,0,0.100175156,0.007129372,0.114783804,0,0.006480218,0.388116471,0,0.020987709,0.083673727,0.004001201,0.022923507,0.004916132,0,0,0,0,0,0,0.009832264,0,0,0.083706389,0,0.04650355,0,0,0,0,0,0,0,0,0.006480218,0.005976695,0,0.027826432,0.005976695,0,0.022261146,0,0,0.010434891,0.006480218,0,0,0,0.006480218,0.007129372,0.049905605,0.011130573,0.016088607,0.008044304,0.008044304,0.071720338,0.016088607,0.155525231,0.016088607,0.249528027,0.058321962,0.007129372,0.016088607,0.016088607,0.016088607,0.016088607,0.008044304,0.016088607,0,0,0,0,0,0,0,0,0,0,0,0,0,0,0,0,0,0,0,0,0,0,0,0,0,0,0,0,0,0,0,0,0,0,0,0,0,0,0,0,0,0,0,0,0,0,0,0,0,0,0,0,0,0,0,0,0,0,0,0,0,0,0,0,0,0,6
0,0,0,0,0,0,0,0,0,0,0,0,0,0,0,0,0,0,0,0,0,0,0,0,0,0,0,0,0,1,0,0,0,0,0,0,0,0,0,0,0,0,0,0,0,0,0,0,0,0,0,0,0,0,0,0,0,0,0,0,0,0,0,0,0,0,0,0,0,0,0,0,0,0,0,0,0,0,0,0,0,0,0,0,0,0,0,0,0,0,0,0,0,0,0,0,0,0,0,0,0,0,0,0,0,0,0,0,0,0,0,0,0,0,0,0,0,0,0,0,0,0,0,0,0,0,0,0,0,0,0,0,0,0,0,0,0,0,0,0,0,0,0,0,0,0,0,0,0,0,0,2
0.11194328,0.000386637,9.61E-05,0.000320387,0.000352426,0.007153467,3.02E-05,0.000320387,0,0,0.016496515,0.00639995,0.000603769,0,0.00486034,0,0.001196115,0.004545235,0.000146804,0.000410096,0,0.001473781,4.38E-05,0,0.006904208,0,0.001082584,0,0.001941041,7.04E-05,0.000815088,0,0,0,0.000218896,0.000477516,7.34E-05,0.001509422,0.000146804,0,0.001599158,0,0.000799579,0,0,0.000218896,0,3.67E-05,0,3.67E-05,4.38E-05,0,0.000403711,0.000278551,0.00341747,0.000403711,0.000437723,0.000170874,0.00036701,0.006725019,0.000352426,0.000437723,0,8.76E-05,0,0,0.003458562,0,0.000375922,0,0,0,0.001211134,0,0.001711099,0,0.001707391,0.001153997,4.38E-05,0,0,0,0,0,0,9.88E-05,0.001444716,9.88E-05,0.000131338,0.001926506,4.38E-05,4.94E-05,9.88E-05,0.000159172,4.94E-05,4.94E-05,0.000318344,9.88E-05,0.000350234,0.007520879,4.38E-05,0.000119379,0.000220206,0.000557102,0.000525351,4.94E-05,0.000716274,0.000350234,8.76E-05,4.38E-05,0.000306455,0.000350234,9.88E-05,4.38E-05,8.76E-05,0.000756067,0.007924047,0.99333589,0.002057626,0.000278551,0.000875585,4.94E-05,0.000175117,8.76E-05,4.94E-05,0.001926506,0.000262676,0.000246988,4.38E-05,0.001400937,0.001532274,0.00775542,9.88E-05,0.000493976,0.000358137,0.000262676,4.94E-05,4.94E-05,0.000148193,0,0,0,0,0,0,0,0,0,0,0,0,1
0,0,0,0,0,0,0,0.245094323,0,0,0,0,0,0,0,0,0,0,0,0,0,0,0,0,0,0,0,0,0,0.53842644,0,0,0,0,0,0,0,0,0,0,0,0,0,0,0,0,0,0,0,0,0,0,0,0,0,0,0,0,0,0,0,0,0,0,0,0,0,0,0,0,0,0,0,0,0,0,0,0,0,0,0,0,0,0,0,0,0,0,0,0,0,0,0,0,0,0,0,0,0,0,0,0,0.280760754,0,0,0,0,0,0,0,0,0,0,0,0,0,0,0,0,0,0,0,0,0,0,0,0,0,0,0,0,0,0,0,0,0,0,0,0,0.377888588,0.377888588,0.377888588,0.377888588,0,0,0,0,0,0,0,0,2
0,0,0,0.085338522,0.024382435,0.192464826,0,0.105657218,0,0,0.500212278,0.298666179,0,0,0.187623626,0.004334664,0,0,0,0,0,0,0,0,0.105958828,0,0.045771058,0,0.018698617,0.017854551,0.003829054,0,0,0,0,0,0,0.049777697,0,0,0.021732278,0,0,0,0,0,0,0,0,0,0,0,0,0,0,0,0,0.060685292,0.027930597,0,0.024382435,0,0,0,0,0,0,0,0.026007982,0,0,0,0.013965299,0,0,0,0,0,0,0,0,0,0,0,0,0,0,0,0.005552891,0,0.011105783,0,0,0.030283687,0,0,0.005047281,0,0,0.676335681,0,0.045425531,0.107067289,0.211985811,0,0,0.030283687,0,0,0,0,0,0,0,0,0.121134749,0,0,0,0.116087468,0,0,0,0,0,0,0,0,0,0,0,0,0,0,0.015141844,0,0,0,0,0,0,0,0,0.006265509,0.005552891,0.006265509,0,0,0,0,0,0
0,0.012612592,0,0.058789332,0.022209303,0.24860282,0.002461964,0.053563613,0,0,0.631680655,0.290511705,0.024619636,0.001622623,0.196957088,0.011148221,0.025083498,0.107301631,0.001496543,0.011148221,0,0.033967169,0,0,0.218411202,0,0.060960862,0.004489629,0.061115061,0.017219891,0.029543563,0,0,0.001496543,0,0,0.001496543,0.039391418,0.002993086,0.002787055,0.026781939,0,0.013973186,0,0,0,0,0.001496543,0,0.002993086,0,0,0,0.006490493,0.118449853,0.008979257,0.011358363,0.032051137,0.026937771,0.001622623,0.022209303,0,0,0,0,0.001622623,0,0,0.023689971,0,0,0,0.055372086,0,0.030829841,0,0,0.037320334,0,0,0,0,0,0,0,0,0.048199566,0,0,0,0,0,0,0.012980986,0,0,0.016226232,0,0.007140676,0.525729928,0.001785169,0.024339349,0.043399743,0.113583626,0.014281353,0,0.042188204,0.007140676,0.003570338,0.001785169,0.007140676,0.003570338,0,0.001785169,0.001785169,0.069772799,0.058910581,0,0.04105889,0.05516919,0.024992368,0,0.007140676,0.003570338,0,0,0.005355507,0,0.001785169,0.008925846,0.048199566,0,0,0,0.021094102,0.007140676,0,0,0,0,0,0,0,0,0.007140676,0,0.002014265,0.002014265,0.004028529,0.006042794,0.002014265,0
0,0,0,0,0,0,0,0,0,0,0,0,0,0,0,0,0,0,0,0,0,0,0,0,0,0,0,0,0,0,0,0,0,0,0,0,0,0,0,0,0,0,0,0,0,0,0,0,0,0,0,0,0,0,0,0,0,0,0,0,0,0,0,0,0,0,0,0,0,0,0,0,0,0,0,0,0,0,0,0,0,0,0,0,0,0,0,0,0,0,0,0,0,0,0,0,0,0,0,0,0,0,0,0,0,0,0,0,0,0,0,0,0,0,0,0,0,0,0,0,0,0,0,0,0,0,0,0,0,0,0,0,0,0,0,0,0,0,0,0,0,0,0,0,0,0,0,0,0,0,0,1
0,0,0,0,0,0,0,0,0,0,0,0,0,0,0,0,0,0,0,0,0,0,0,0,0,0,0,0,0,1,0,0,0,0,0,0,0,0,0,0,0,0,0,0,0,0,0,0,0,0,0,0,0,0,0,0,0,0,0,0,0,0,0,0,0,0,0,0,0,0,0,0,0,0,0,0,0,0,0,0,0,0,0,0,0,0,0,0,0,0,0,0,0,0,0,0,0,0,0,0,0,0,0,0,0,0,0,0,0,0,0,0,0,0,0,0,0,0,0,0,0,0,0,0,0,0,0,0,0,0,0,0,0,0,0,0,0,0,0,0,0,0,0,0,0,0,0,0,0,0,0,2
0,0,0,0,0,0,0,0,0,0,0,0,0,0,0,0,0,0,0,0,0,0,0,0,0,0,0,0,0,0,0,0,0,0,0,0,0,0,0,0,0,0,0,0,0,0,0,0,0,0,0,0,0,0,0,0,0,0,0,0,0,0,0,0,0,0,0,0,0,0,0,0,0,0,0,0,0,0,0,0,0,0,0,0,0,0,0,0,0,0,0,0,0,0,0,0,0,0,0,0,0,0,0,0,0,0,0,0,0,0,0,0,0,0,0,0,0,0,0,0,0,0,0,0,0,0,0,0,0,0,0,0,0,0,0,0,0,0,0,0,0,0,0,0,0,0,0,0,0,0,0,1
0,0,0,0.05834645,0,0.986920013,0,0,0,0,0,0,0,0,0,0,0,0,0,0,0,0,0,0,0,0,0,0,0,0,0.128279378,0,0,0,0,0,0,0.054976876,0,0,0,0,0.017334901,0,0,0,0,0,0,0,0,0,0,0,0,0,0,0,0,0,0.019448817,0,0,0,0,0,0,0.026575812,0.041490892,0,0,0,0,0,0,0,0,0,0,0,0,0,0,0,0,0,0,0,0,0,0,0,0,0,0,0,0,0,0,0,0,0,0,0,0,0,0,0,0,0,0,0,0,0,0,0,0,0,0,0,0,0,0,0,0,0,0,0,0,0,0,0,0,0,0,0,0,0,0,0,0,0,0,0,0,0,0,0,0,0,0,5
0,0,0,0,0,0,0,0,0,0,0,0,0,0,0,0,0,0,0,0,0,0,0,0,0,0,0,0,0,1,0,0,0,0,0,0,0,0,0,0,0,0,0,0,0,0,0,0,0,0,0,0,0,0,0,0,0,0,0,0,0,0,0,0,0,0,0,0,0,0,0,0,0,0,0,0,0,0,0,0,0,0,0,0,0,0,0,0,0,0,0,0,0,0,0,0,0,0,0,0,0,0,0,0,0,0,0,0,0,0,0,0,0,0,0,0,0,0,0,0,0,0,0,0,0,0,0,0,0,0,0,0,0,0,0,0,0,0,0,0,0,0,0,0,0,0,0,0,0,0,0,2
0.281840995,0.453493697,0.845522986,0,0,0,0,0,0,0,0,0,0,0,0,0,0,0,0,0,0,0,0,0,0,0,0,0,0,0,0,0,0,0,0,0,0,0,0,0,0,0,0,0,0,0,0,0,0,0,0,0,0,0,0,0,0,0,0,0,0,0,0,0,0,0,0,0,0,0,0,0,0,0,0,0,0,0,0,0,0,0,0,0,0,0,0,0,0,0,0,0,0,0,0,0,0,0,0,0,0,0,0,0,0,0,0,0,0,0,0,0,0,0,0,0,0,0,0,0,0,0,0,0,0,0,0,0,0,0,0,0,0,0,0,0,0,0,0,0,0,0,0,0,0,0,0,0,0,0,0,3
