0.2818409954532005,0.45349369655981997,0.8455229863596015,0.0,0.0,0.0,0.0,0.0,0.0,0.0,0.0,0.0,0.0,0.0,0.0,0.0,0.0,0.0,0.0,0.0,0.0,0.0,0.0,0.0,0.0,0.0,0.0,0.0,0.0,0.0,0.0,0.0,0.0,0.0,0.0,0.0,0.0,0.0,0.0,0.0,0.0,0.0,0.0,0.0,0.0,0.0,0.0,0.0,0.0,0.0,0.0,0.0,0.0,0.0,0.0,0.0,0.0,0.0,0.0,0.0,0.0,0.0,0.0,0.0,0.0,0.0,0.0,0.0,0.0,0.0,0.0,0.0,0.0,0.0,0.0,0.0,0.0,0.0,0.0,0.0,0.0,0.0,0.0,0.0,0.0,0.0,0.0,0.0,0.0,0.0,0.0,0.0,0.0,0.0,0.0,0.0,0.0,0.0,0.0,0.0,0.0,0.0,0.0,0.0,0.0,0.0,0.0,0.0,0.0,0.0,0.0,0.0,0.0,0.0,0.0,0.0,0.0,0.0,0.0,0.0,0.0,0.0,0.0,0.0,0.0,0.0,0.0,0.0,0.0,0.0,0.0,0.0,0.0,0.0,0.0,0.0,0.0,0.0,0.0,0.0,0.0,0.0,0.0,0.0,0.0,0.0,0.0,0.0,0.0,0.0,0.0,2.0
0.0,0.0,0.0,0.15144683235977158,0.18930854044971446,0.2881908805723407,0.03567515140380405,0.037861708089942894,0.46700412240723765,0.05173608448464057,0.18276311363612238,0.2854012112304324,0.1427006056152162,0.04702533335235437,0.3210763626342364,0.12115770760827074,0.04038590253609025,0.04038590253609025,0.04337139090103263,0.04038590253609025,0.05173608448464057,0.037861708089942894,0.05173608448464057,0.04702533335235437,0.34842864705047893,0.05837551530090471,0.36552622727224476,0.17348556360413053,0.2613214852878592,0.083175099476734,0.0,0.0,0.0,0.0,0.0,0.0,0.0,0.0,0.0,0.0,0.0,0.0,0.0,0.0,0.0,0.0,0.0,0.0,0.0,0.0,0.0,0.0,0.0,0.0,0.0,0.0,0.0,0.0,0.0,0.0,0.0,0.0,0.0,0.0,0.0,0.0,0.0,0.0,0.0,0.0,0.0,0.0,0.0,0.0,0.0,0.0,0.0,0.0,0.0,0.0,0.0,0.0,0.0,0.0,0.0,0.0,0.0,0.0,0.0,0.0,0.0,0.0,0.0,0.0,0.0,0.0,0.0,0.0,0.0,0.0,0.0,0.0,0.0,0.0,0.0,0.0,0.0,0.0,0.0,0.0,0.0,0.0,0.0,0.0,0.0,0.0,0.0,0.0,0.0,0.0,0.0,0.0,0.0,0.0,0.0,0.0,0.0,0.0,0.0,0.0,0.0,0.0,0.0,0.0,0.0,0.0,0.0,0.0,0.0,0.0,0.0,0.0,0.0,0.0,0.0,0.0,0.0,0.0,0.0,0.0,0.0,3.0
0.0,0.15865244091471203,0.14790093738133436,0.0,0.0,0.04169530869997657,0.04645316336767171,0.0,0.0,0.06736635136781535,0.6346097636588481,0.0,0.0,0.0,0.0,0.0,0.0,0.0,0.0,0.0,0.0,0.0,0.0,0.0,0.567117875696207,0.0,0.03966311022867801,0.0,0.15123143351898852,0.0,0.09290632673534342,0.07601165635573993,0.06736635136781535,0.056474555194010685,0.06736635136781535,0.06123240986170581,0.11294911038802137,0.13935949010301513,0.056474555194010685,0.15776131462134374,0.13182539965757,0.1347327027356307,0.26365079931514,0.0,0.0,0.0,0.0,0.0,0.0,0.0,0.0,0.0,0.0,0.0,0.0,0.0,0.0,0.0,0.0,0.0,0.0,0.0,0.0,0.0,0.0,0.0,0.0,0.0,0.0,0.0,0.0,0.0,0.0,0.0,0.0,0.0,0.0,0.0,0.0,0.0,0.0,0.0,0.0,0.0,0.0,0.0,0.0,0.0,0.0,0.0,0.0,0.0,0.0,0.0,0.0,0.0,0.0,0.0,0.0,0.0,0.0,0.0,0.0,0.0,0.0,0.0,0.0,0.0,0.0,0.0,0.0,0.0,0.0,0.0,0.0,0.0,0.0,0.0,0.0,0.0,0.0,0.0,0.0,0.0,0.0,0.0,0.0,0.0,0.0,0.0,0.0,0.0,0.0,0.0,0.0,0.0,0.0,0.0,0.0,0.0,0.0,0.0,0.0,0.0,0.0,0.0,0.0,0.0,0.0,0.0,0.0,6.0
0.0,0.0,0.0,0.0,0.0,0.0,0.0,0.0,0.0,0.0,0.0,0.0,0.0,0.0,0.0,0.0,0.0,0.0,0.0,0.0,0.0,0.0,0.0,0.0,0.0,0.0,0.0,0.0,0.0,0.0,0.0,0.0,0.0,0.0,0.0,0.0,0.0,0.0,0.0,0.0,0.0,0.0,0.0,0.0,0.0,0.0,0.0,0.0,0.0,0.0,0.0,0.0,0.0,0.0,0.0,0.0,0.0,0.0,0.0,0.0,0.0,0.0,0.0,0.0,0.0,0.0,0.0,0.0,0.0,0.0,0.0,0.0,0.0,0.0,0.0,0.0,0.0,0.0,0.0,0.0,0.0,0.0,0.0,0.0,0.0,0.0,0.0,0.0,0.0,0.0,0.0,0.0,0.0,0.0,0.0,0.0,0.0,0.0,0.0,0.0,0.0,0.0,0.0,0.0,0.0,0.0,0.0,0.0,0.0,0.0,0.0,0.0,0.0,0.0,0.0,0.0,0.0,0.0,0.0,0.0,0.0,0.0,0.0,0.0,0.0,0.0,0.0,0.0,0.0,0.0,0.0,0.0,0.0,0.0,0.0,0.0,0.0,0.0,0.0,0.0,0.0,0.0,0.0,0.0,0.0,0.0,0.0,0.0,0.0,0.0,0.0,4.0
0.0,0.0,0.0,0.0,0.0,0.0,0.0,0.0,0.0,0.0,0.0,0.0,0.0,0.0,0.0,0.0,0.0,0.0,0.0,0.0,0.0,0.0,0.0,0.0,0.0,0.0,0.0,0.0,0.0,0.0,0.0,0.0,0.0,0.0,0.0,0.0,0.0,0.0,0.0,0.0,0.0,0.0,0.0,0.0,0.0,0.0,0.0,0.0,0.0,0.0,0.0,0.0,0.0,0.0,0.0,0.0,0.0,0.0,0.0,0.0,0.0,0.0,0.0,0.0,0.0,0.0,0.0,0.0,0.0,0.0,0.0,0.0,0.0,0.0,0.0,0.0,0.0,0.0,0.0,0.0,0.0,0.0,0.0,0.0,0.0,0.0,0.0,0.0,0.0,0.0,0.0,0.0,0.0,0.0,0.0,0.0,0.0,0.0,0.0,0.0,0.0,0.0,0.0,0.0,0.0,0.0,0.0,0.0,0.0,0.0,0.0,0.0,0.0,0.0,0.0,0.0,0.0,0.0,0.0,0.0,0.0,0.0,0.0,0.0,0.0,0.0,0.0,0.0,0.0,0.0,0.0,0.0,0.0,0.0,0.0,0.0,0.0,0.0,0.0,0.0,0.0,0.0,0.0,0.0,0.0,0.0,0.0,0.0,0.0,0.0,0.0,4.0
0.0,0.0,0.0,0.0,0.0,0.0,0.0,0.0,0.0,0.0,0.0,0.0,0.0,0.0,0.0,0.0,0.0,0.0,0.0,0.0,0.0,0.0,0.0,0.0,0.0,0.0,0.0,0.0,0.0,0.0,0.0,0.0,0.0,0.0,0.0,0.0,0.0,0.0,0.0,0.0,0.0,0.0,0.0,0.0,0.0,0.0,0.0,0.0,0.0,0.0,0.0,0.0,0.0,0.0,0.0,0.0,0.0,0.0,0.0,0.0,0.0,0.0,0.0,0.0,0.0,0.0,0.0,0.0,0.0,0.0,0.0,0.0,0.0,0.0,0.0,0.0,0.0,0.0,0.0,0.0,0.0,0.0,0.0,0.0,0.0,0.0,0.0,0.0,0.0,0.0,0.0,0.0,0.0,0.0,0.0,0.0,0.0,0.0,0.0,0.0,0.0,0.0,0.0,0.0,0.0,0.0,0.0,0.0,0.0,0.0,0.0,0.0,0.0,0.0,0.0,0.0,0.0,0.0,0.0,0.0,0.0,0.0,0.0,0.0,0.0,0.0,0.0,0.0,0.0,0.0,0.0,0.0,0.0,0.0,0.0,0.0,0.0,0.0,0.0,0.0,0.0,0.0,0.0,0.0,0.0,0.0,0.0,0.0,0.0,0.0,0.0,4.0
0.0,0.033723126392255255,0.12575115708493975,0.0,0.0,0.0,0.0,0.0,0.0,0.0,0.1686156319612763,0.0,0.0,0.0,0.0,0.0,0.04471161172275056,0.0,0.0,0.04471161172275056,0.0,0.041917052361646584,0.0,0.05206218789104548,0.9643715629533443,0.0,0.06744625278451051,0.0,0.06429143753022296,0.0,0.0,0.0,0.0,0.0,0.0,0.0,0.0,0.0,0.0,0.0,0.0,0.0,0.0,0.05727750468038964,0.06462808084868457,0.0,0.0,0.0,0.0,0.0,0.0,0.0,0.0,0.0,0.0,0.0,0.0,0.0,0.0,0.0,0.0,0.0,0.0,0.0,0.0,0.0,0.0,0.0,0.0,0.0,0.0,0.0,0.0,0.0,0.0,0.0,0.0,0.0,0.0,0.0,0.0,0.0,0.0,0.0,0.0,0.0,0.0,0.0,0.0,0.0,0.0,0.0,0.0,0.0,0.0,0.0,0.0,0.0,0.0,0.0,0.0,0.0,0.0,0.0,0.0,0.0,0.0,0.0,0.0,0.0,0.0,0.0,0.0,0.0,0.0,0.0,0.0,0.0,0.0,0.0,0.0,0.0,0.0,0.0,0.0,0.0,0.0,0.0,0.0,0.0,0.0,0.0,0.0,0.0,0.0,0.0,0.0,0.0,0.0,0.0,0.0,0.0,0.0,0.0,0.0,0.0,0.0,0.0,0.0,0.0,0.0,6.0
0.0,0.0,0.0,0.0,0.0,0.0,0.0,0.0,0.0,0.0,0.0,0.0,0.0,0.0,0.0,0.0,0.0,0.0,0.0,0.0,0.0,0.0,0.0,0.0,0.0,0.0,0.0,0.0,0.0,0.0,0.0,0.0,0.0,0.0,0.0,0.0,0.0,0.0,0.0,0.0,0.0,0.0,0.0,0.0,0.0,0.0,0.0,0.0,0.0,0.0,0.0,0.0,0.0,0.0,0.0,0.0,0.0,0.0,0.0,0.0,0.0,0.0,0.0,0.0,0.0,0.0,0.0,0.0,0.0,0.0,0.0,0.0,0.0,0.0,0.0,0.0,0.0,0.0,0.0,0.0,0.0,0.0,0.0,0.0,0.0,0.0,0.0,0.0,0.0,0.0,0.0,0.0,0.0,0.0,0.0,0.0,0.0,0.0,0.0,0.0,0.0,0.0,0.0,0.0,0.0,0.0,0.0,0.0,0.0,0.0,0.0,0.0,0.0,0.0,0.0,0.0,0.0,0.0,0.0,0.0,0.0,0.0,0.0,0.0,0.0,0.0,0.0,0.0,0.0,0.0,0.0,0.0,0.0,0.0,0.0,0.0,0.0,0.0,0.0,0.0,0.0,0.0,0.0,0.0,0.0,0.0,0.0,0.0,0.0,0.0,0.0,4.0
0.00036735793716407834,0.0,0.0,0.0,0.0,0.0,0.0,0.0,0.0,0.0,0.0,0.0,0.0,0.0,0.0,0.9999992811068368,0.0,0.0,0.0,0.0,0.0,0.0,0.0,0.0,0.0009390756481255652,0.0,0.0,0.0,0.00018781512962511303,0.0005380111729174076,0.0,0.0,0.0,0.0,0.0,0.0,0.0,0.0,0.0,0.00026123283205507753,0.0,0.0,0.0,0.0,0.0,0.000167325267242521,0.0,0.0,0.0,0.0,0.0,0.0,0.0,0.0,0.0,0.0,0.0,0.0,0.0,0.0,0.0,0.0,0.0,0.0,0.0,0.0,0.0,0.0,0.0,0.0,0.0,0.0,0.0,0.0,0.0,0.0,0.0,0.0,0.0,0.0,0.0,0.0,0.0,0.0,0.0,0.0,0.0,0.0,0.0,0.0,0.0,0.0,0.0,0.0,0.0,0.0,0.0,0.0,0.0,0.0,0.0,0.0,0.0,0.0,0.0,0.0,0.0,0.0,0.0,0.0,0.0,0.0,0.0,0.0,0.0,0.0,0.0,0.0,0.0,0.0,0.0,0.0,0.0,0.0,0.0,0.0,0.0,0.0,0.0,0.0,0.0,0.0,0.0,0.0,0.0,0.0,0.0,0.0,0.0,0.0,0.0,0.0,0.0,0.0,0.0,0.0,0.0,0.0,0.0,0.0,0.0,4.0
0.0,0.02293643438467712,0.0,0.0,0.0,0.0,0.0,0.0,0.0,0.0,0.038227390641128525,0.0,0.01790866336335052,0.0,0.0,0.0,0.0,0.0,0.0,0.0,0.0,0.0,0.0,0.0,0.42269582122401994,0.0,0.08410025941048276,0.03265817839657669,0.014575717973242065,0.04175328760015269,0.0,0.0,0.012985566764469214,0.0,0.0,0.0,0.0,0.0,0.0,0.02027342575109025,0.016940480360981794,0.0,0.016940480360981794,0.0,0.0,0.0,0.8570474064549681,0.05443029732762783,0.2597113352893843,0.04354423786210226,0.025971133528938428,0.011803185570599352,0.010886059465525564,0.0,0.0,0.0,0.0,0.0,0.0,0.0,0.0,0.0,0.0,0.0,0.0,0.0,0.0,0.0,0.0,0.0,0.0,0.0,0.0,0.0,0.0,0.0,0.0,0.0,0.0,0.0,0.0,0.0,0.0,0.0,0.0,0.0,0.0,0.0,0.0,0.0,0.0,0.0,0.0,0.0,0.0,0.0,0.0,0.0,0.0,0.0,0.0,0.0,0.0,0.0,0.0,0.0,0.0,0.0,0.0,0.0,0.0,0.0,0.0,0.0,0.0,0.0,0.0,0.0,0.0,0.0,0.0,0.0,0.0,0.0,0.0,0.0,0.0,0.0,0.0,0.0,0.0,0.0,0.0,0.0,0.0,0.0,0.0,0.0,0.0,0.0,0.0,0.0,0.0,0.0,0.0,0.0,0.0,0.0,0.0,0.0,0.0,0.0
0.0,0.014855659234267344,0.0,0.0,0.0,0.0058563041401368905,0.00434971161720014,0.0,0.0,0.0,0.3788193104738173,0.00434971161720014,0.0065245674258002095,0.0,0.00869942323440028,0.0,0.002462036214562679,0.0,0.0,0.0,0.0,0.004616308692338289,0.0,0.0,0.1522284073338817,0.0,0.029711318468534687,0.0,0.11328625662056313,0.005070583896907438,0.0,0.0,0.0,0.002644039834912011,0.0,0.0057335885269329,0.010576159339648044,0.00434971161720014,0.002644039834912011,0.009848144858250717,0.022630059822247993,0.6150250605386666,0.15635314059007702,0.0031539746694290594,0.0,0.0,0.2018543788434598,0.02908443818403212,0.028385772024861537,0.018508278844384076,0.0,0.00286679426346645,0.013220199174560056,0.0057335885269329,0.03939257943300287,0.002644039834912011,0.00286679426346645,0.002462036214562679,0.010576159339648044,0.020067559844265146,0.0023081543461691443,0.0057335885269329,0.0035587327183328305,0.6087171111998085,0.0035587327183328305,0.0,0.0,0.0,0.0,0.0,0.0,0.0,0.0,0.0,0.0,0.0,0.0,0.0,0.0,0.0,0.0,0.0,0.0,0.0,0.0,0.0,0.0,0.0,0.0,0.0,0.0,0.0,0.0,0.0,0.0,0.0,0.0,0.0,0.0,0.0,0.0,0.0,0.0,0.0,0.0,0.0,0.0,0.0,0.0,0.0,0.0,0.0,0.0,0.0,0.0,0.0,0.0,0.0,0.0,0.0,0.0,0.0,0.0,0.0,0.0,0.0,0.0,0.0,0.0,0.0,0.0,0.0,0.0,0.0,0.0,0.0,0.0,0.0,0.0,0.0,0.0,0.0,0.0,0.0,0.0,0.0,0.0,0.0,0.0,0.0,0.0,6.0
0.025545030403616074,0.04110299939808594,0.07663509121084823,0.1021801216144643,0.1021801216144643,0.19444037730090788,0.02406977585635798,0.025545030403616074,0.0,0.0,0.8220599879617189,0.19255820685086383,0.07220932756907393,0.03172766446174049,0.24069775856357978,0.0,0.0,0.02724808679289189,0.029262374972150056,0.0,0.0,0.0,0.0,0.0,0.25467257643762187,0.0,0.12330899819425784,0.0,0.19590198187509372,0.0,0.02406977585635798,0.0,0.0,0.029262374972150056,0.0,0.0,0.0,0.0,0.0,0.0,0.1366110547442597,0.0,0.11384254562021641,0.0,0.0,0.0,0.0,0.0,0.0,0.0,0.0,0.0,0.0,0.0,0.02724808679289189,0.0,0.0,0.0,0.0,0.0,0.0,0.0,0.0,0.0,0.0,0.03172766446174049,0.0,0.0,0.0,0.0,0.0,0.0,0.0,0.0,0.0,0.0,0.0,0.0,0.0,0.0,0.0,0.0,0.0,0.0,0.0,0.0,0.0,0.0,0.0,0.0,0.0,0.0,0.0,0.0,0.0,0.0,0.0,0.0,0.0,0.0,0.0,0.0,0.0,0.0,0.0,0.0,0.0,0.0,0.0,0.0,0.0,0.0,0.0,0.0,0.0,0.0,0.0,0.0,0.0,0.0,0.0,0.0,0.0,0.0,0.0,0.0,0.0,0.0,0.0,0.0,0.0,0.0,0.0,0.0,0.0,0.0,0.0,0.0,0.0,0.0,0.0,0.0,0.0,0.0,0.0,0.0,0.0,0.0,0.0,0.0,0.0,3.0
0.0,0.0,0.0,0.0,0.0,0.0,0.0,0.0,0.0,0.0,0.0,0.0,0.0,0.0,0.0,0.0,0.0,0.0,0.0,0.0,0.0,0.0,0.0,0.0,0.0,0.0,0.0,0.0,0.0,0.0,0.0,0.0,0.0,0.0,0.0,0.0,0.0,0.0,0.0,0.0,0.0,0.0,0.0,0.0,0.0,0.0,0.0,0.0,0.0,0.0,0.0,0.0,0.0,0.0,0.0,0.0,0.0,0.0,0.0,0.0,0.0,0.0,0.0,0.0,0.0,0.0,0.0,0.0,0.0,0.0,0.0,0.0,0.0,0.0,0.0,0.0,0.0,0.0,0.0,0.0,0.0,0.0,0.0,0.0,0.0,0.0,0.0,0.0,0.0,0.0,0.0,0.0,0.0,0.0,0.0,0.0,0.0,0.0,0.0,0.0,0.0,0.0,0.0,0.0,0.0,0.0,0.0,0.0,0.0,0.0,0.0,0.0,0.0,0.0,0.0,0.0,0.0,0.0,0.0,0.0,0.0,0.0,0.0,0.0,0.0,0.0,0.0,0.0,0.0,0.0,0.0,0.0,0.0,0.0,0.0,0.0,0.0,0.0,0.0,0.0,0.0,0.0,0.0,0.0,0.0,0.0,0.0,0.0,0.0,0.0,0.0,4.0
0.678267934071916,0.42395172075866167,0.0,0.0,0.01043489129341409,0.07501435451689671,0.004916132229037871,0.0,0.0,0.0,0.1720992133772785,0.019664528916151485,0.009832264458075743,0.0,0.03932905783230297,0.12800158857382044,0.0,0.1168710156543578,0.0,0.10017515627516382,0.007129372191313174,0.11478380422755499,0.0,0.006480217960619722,0.38811647063049876,0.0,0.020987708948448595,0.08367372749135499,0.004001200728149472,0.022923506760361048,0.004916132229037871,0.0,0.0,0.0,0.0,0.0,0.0,0.009832264458075743,0.0,0.0,0.08370638925917263,0.0,0.046503549588429234,0.0,0.0,0.0,0.0,0.0,0.0,0.0,0.0,0.006480217960619722,0.0059766948208110696,0.0,0.027826432298656615,0.0059766948208110696,0.0,0.022261145838925293,0.0,0.0,0.01043489129341409,0.006480217960619722,0.0,0.0,0.0,0.006480217960619722,0.007129372191313174,0.049905605339192215,0.011130572919462647,0.016088607384403146,0.008044303692201573,0.008044303692201573,0.07172033784973283,0.016088607384403146,0.15552523105487331,0.016088607384403146,0.24952802669596108,0.0583219616455775,0.007129372191313174,0.016088607384403146,0.016088607384403146,0.016088607384403146,0.016088607384403146,0.008044303692201573,0.016088607384403146,0.0,0.0,0.0,0.0,0.0,0.0,0.0,0.0,0.0,0.0,0.0,0.0,0.0,0.0,0.0,0.0,0.0,0.0,0.0,0.0,0.0,0.0,0.0,0.0,0.0,0.0,0.0,0.0,0.0,0.0,0.0,0.0,0.0,0.0,0.0,0.0,0.0,0.0,0.0,0.0,0.0,0.0,0.0,0.0,0.0,0.0,0.0,0.0,0.0,0.0,0.0,0.0,0.0,0.0,0.0,0.0,0.0,0.0,0.0,0.0,0.0,0.0,0.0,0.0,0.0,0.0,5.0
0.0,0.0,0.0,0.0,0.0,0.0,0.0,0.0,0.0,0.0,0.0,0.0,0.0,0.0,0.0,0.0,0.0,0.0,0.0,0.0,0.0,0.0,0.0,0.0,0.0,0.0,0.0,0.0,0.0,1.0,0.0,0.0,0.0,0.0,0.0,0.0,0.0,0.0,0.0,0.0,0.0,0.0,0.0,0.0,0.0,0.0,0.0,0.0,0.0,0.0,0.0,0.0,0.0,0.0,0.0,0.0,0.0,0.0,0.0,0.0,0.0,0.0,0.0,0.0,0.0,0.0,0.0,0.0,0.0,0.0,0.0,0.0,0.0,0.0,0.0,0.0,0.0,0.0,0.0,0.0,0.0,0.0,0.0,0.0,0.0,0.0,0.0,0.0,0.0,0.0,0.0,0.0,0.0,0.0,0.0,0.0,0.0,0.0,0.0,0.0,0.0,0.0,0.0,0.0,0.0,0.0,0.0,0.0,0.0,0.0,0.0,0.0,0.0,0.0,0.0,0.0,0.0,0.0,0.0,0.0,0.0,0.0,0.0,0.0,0.0,0.0,0.0,0.0,0.0,0.0,0.0,0.0,0.0,0.0,0.0,0.0,0.0,0.0,0.0,0.0,0.0,0.0,0.0,0.0,0.0,0.0,0.0,0.0,0.0,0.0,0.0,1.0
0.11194328036957571,0.0003866370626897169,9.611615372316175e-05,0.0003203871790772058,0.0003524258969849264,0.007153466987265456,3.0188445524604e-05,0.0003203871790772058,0.0,0.0,0.016496514674761254,0.006399950451216049,0.00060376891049208,0.0,0.004860339729461244,0.0,0.0011961145215769252,0.004545235181992316,0.0001468041278056095,0.0004100964073978029,0.0,0.0014737810237551467,4.377926670703194e-05,0.0,0.006904207801787793,0.0,0.0010825837755312074,0.0,0.0019410406275488813,7.038307787781842e-05,0.0008150880291643081,0.0,0.0,0.0,0.00021889633353515972,0.00047751613938182844,7.340206390280475e-05,0.0015094222762302002,0.0001468041278056095,0.0,0.001599157818597628,0.0,0.000799578909298814,0.0,0.0,0.00021889633353515972,0.0,3.670103195140237e-05,0.0,3.670103195140237e-05,4.377926670703194e-05,0.0,0.00040371135146542606,0.00027855108130606657,0.003417470061648358,0.00040371135146542606,0.0004377231277666761,0.0001708735030824179,0.0003670103195140237,0.00672501896296075,0.0003524258969849264,0.0004377231277666761,0.0,8.755853341406389e-05,0.0,0.0,0.003458562069855524,0.0,0.0003759217067813193,0.0,0.0,0.0,0.0012111340543962783,0.0,0.001711099499451552,0.0,0.001707391401574246,0.0011539973368394187,4.377926670703194e-05,0.0,0.0,0.0,0.0,0.0,0.0,9.879515541140149e-05,0.0014447158013320542,9.879515541140149e-05,0.00013133780012109582,0.0019265055305223288,4.377926670703194e-05,4.939757770570074e-05,9.879515541140149e-05,0.0001591720464606095,4.939757770570074e-05,4.939757770570074e-05,0.000318344092921219,9.879515541140149e-05,0.00035023413365625555,0.007520879195263798,4.377926670703194e-05,0.00011937903484545711,0.00022020619170841422,0.0005571021626121331,0.0005253512004843833,4.939757770570074e-05,0.0007162742090727427,0.00035023413365625555,8.755853341406389e-05,4.377926670703194e-05,0.0003064548669492236,0.00035023413365625555,9.879515541140149e-05,4.377926670703194e-05,8.755853341406389e-05,0.0007560672206878951,0.007924047273972782,0.9933358900839363,0.0020576255352305014,0.00027855108130606657,0.0008755853341406389,4.939757770570074e-05,0.00017511706682812777,8.755853341406389e-05,4.939757770570074e-05,0.0019265055305223288,0.00026267560024219165,0.00024698788852850376,4.377926670703194e-05,0.0014009365346250222,0.0015322743347461181,0.0077554196997950174,9.879515541140149e-05,0.0004939757770570075,0.00035813710453637133,0.00026267560024219165,4.939757770570074e-05,4.939757770570074e-05,0.00014819273311710224,0.0,0.0,0.0,0.0,0.0,0.0,0.0,0.0,0.0,0.0,0.0,0.0,4.0
0.0,0.0,0.0,0.0,0.0,0.0,0.0,0.2450943232110209,0.0,0.0,0.0,0.0,0.0,0.0,0.0,0.0,0.0,0.0,0.0,0.0,0.0,0.0,0.0,0.0,0.0,0.0,0.0,0.0,0.0,0.5384264403980884,0.0,0.0,0.0,0.0,0.0,0.0,0.0,0.0,0.0,0.0,0.0,0.0,0.0,0.0,0.0,0.0,0.0,0.0,0.0,0.0,0.0,0.0,0.0,0.0,0.0,0.0,0.0,0.0,0.0,0.0,0.0,0.0,0.0,0.0,0.0,0.0,0.0,0.0,0.0,0.0,0.0,0.0,0.0,0.0,0.0,0.0,0.0,0.0,0.0,0.0,0.0,0.0,0.0,0.0,0.0,0.0,0.0,0.0,0.0,0.0,0.0,0.0,0.0,0.0,0.0,0.0,0.0,0.0,0.0,0.0,0.0,0.0,0.2807607536975561,0.0,0.0,0.0,0.0,0.0,0.0,0.0,0.0,0.0,0.0,0.0,0.0,0.0,0.0,0.0,0.0,0.0,0.0,0.0,0.0,0.0,0.0,0.0,0.0,0.0,0.0,0.0,0.0,0.0,0.0,0.0,0.0,0.0,0.0,0.0,0.0,0.377888588142443,0.377888588142443,0.377888588142443,0.377888588142443,0.0,0.0,0.0,0.0,0.0,0.0,0.0,0.0,1.0
0.0,0.0,0.0,0.08533852189330984,0.024382434826659957,0.19246482556994654,0.0,0.10565721758219315,0.0,0.0,0.5002122780501032,0.2986661794440262,0.0,0.0,0.1876236255481703,0.004334663728336592,0.0,0.0,0.0,0.0,0.0,0.0,0.0,0.0,0.10595882762088529,0.0,0.045771058122231666,0.0,0.01869861663897976,0.017854551423254646,0.0038290535826157202,0.0,0.0,0.0,0.0,0.0,0.0,0.04977769657400436,0.0,0.0,0.02173227751330499,0.0,0.0,0.0,0.0,0.0,0.0,0.0,0.0,0.0,0.0,0.0,0.0,0.0,0.0,0.0,0.0,0.06068529219671229,0.027930597042105498,0.0,0.024382434826659957,0.0,0.0,0.0,0.0,0.0,0.0,0.0,0.026007982370019556,0.0,0.0,0.0,0.013965298521052749,0.0,0.0,0.0,0.0,0.0,0.0,0.0,0.0,0.0,0.0,0.0,0.0,0.0,0.0,0.0,0.005552891350176558,0.0,0.011105782700353116,0.0,0.0,0.030283687226734118,0.0,0.0,0.005047281204455686,0.0,0.0,0.6763356813970619,0.0,0.045425530840101175,0.10706728866140441,0.2119858105871388,0.0,0.0,0.030283687226734118,0.0,0.0,0.0,0.0,0.0,0.0,0.0,0.0,0.12113474890693647,0.0,0.0,0.0,0.11608746770248077,0.0,0.0,0.0,0.0,0.0,0.0,0.0,0.0,0.0,0.0,0.0,0.0,0.0,0.0,0.015141843613367059,0.0,0.0,0.0,0.0,0.0,0.0,0.0,0.0,0.006265508826295652,0.005552891350176558,0.006265508826295652,0.0,0.0,0.0,0.0,0.0,3.0
0.0,0.012612592119728127,0.0,0.058789331779617086,0.022209303116744232,0.2486028195848845,0.0024619636014824096,0.05356361339920668,0.0,0.0,0.631680655329717,0.2905117049749243,0.024619636014824094,0.0016226232336147587,0.19695708811859275,0.011148221453240223,0.0250834982697905,0.10730163148743713,0.0014965428532508188,0.011148221453240223,0.0,0.03396716947266765,0.0,0.0,0.21841120223436122,0.0,0.06096086191201928,0.004489628559752456,0.06111506117566988,0.017219890545963817,0.029543563217788914,0.0,0.0,0.0014965428532508188,0.0,0.0,0.0014965428532508188,0.039391417623718554,0.0029930857065016375,0.0027870553633100557,0.02678193898299182,0.0,0.013973185556343559,0.0,0.0,0.0,0.0,0.0014965428532508188,0.0,0.0029930857065016375,0.0,0.0,0.0,0.006490492934459035,0.11844985294067736,0.008979257119504912,0.01135836263530331,0.03205113667806564,0.026937771358514735,0.0016226232336147587,0.022209303116744232,0.0,0.0,0.0,0.0,0.0016226232336147587,0.0,0.0,0.023689970588135472,0.0,0.0,0.0,0.05537208557028029,0.0,0.030829841438680415,0.0,0.0,0.037320334373139454,0.0,0.0,0.0,0.0,0.0,0.0,0.0,0.0,0.04819956609227171,0.0,0.0,0.0,0.0,0.0,0.0,0.01298098586891807,0.0,0.0,0.016226232336147586,0.0,0.007140676458114327,0.5257299276911819,0.0017851691145285818,0.024339348504221384,0.04339974274427374,0.11358362635303311,0.014281352916228654,0.0,0.04218820407398373,0.007140676458114327,0.0035703382290571636,0.0017851691145285818,0.007140676458114327,0.0035703382290571636,0.0,0.0017851691145285818,0.0017851691145285818,0.06977279904543462,0.058910580779443195,0.0,0.04105888963415738,0.05516918994290179,0.024992367603400144,0.0,0.007140676458114327,0.0035703382290571636,0.0,0.0,0.005355507343585745,0.0,0.0017851691145285818,0.008925845572642909,0.04819956609227171,0.0,0.0,0.0,0.021094102036991864,0.007140676458114327,0.0,0.0,0.0,0.0,0.0,0.0,0.0,0.0,0.007140676458114327,0.0,0.002014264666488313,0.002014264666488313,0.004028529332976626,0.006042793999464939,0.002014264666488313,3.0
0.0,0.0,0.0,0.0,0.0,0.0,0.0,0.0,0.0,0.0,0.0,0.0,0.0,0.0,0.0,0.0,0.0,0.0,0.0,0.0,0.0,0.0,0.0,0.0,0.0,0.0,0.0,0.0,0.0,0.0,0.0,0.0,0.0,0.0,0.0,0.0,0.0,0.0,0.0,0.0,0.0,0.0,0.0,0.0,0.0,0.0,0.0,0.0,0.0,0.0,0.0,0.0,0.0,0.0,0.0,0.0,0.0,0.0,0.0,0.0,0.0,0.0,0.0,0.0,0.0,0.0,0.0,0.0,0.0,0.0,0.0,0.0,0.0,0.0,0.0,0.0,0.0,0.0,0.0,0.0,0.0,0.0,0.0,0.0,0.0,0.0,0.0,0.0,0.0,0.0,0.0,0.0,0.0,0.0,0.0,0.0,0.0,0.0,0.0,0.0,0.0,0.0,0.0,0.0,0.0,0.0,0.0,0.0,0.0,0.0,0.0,0.0,0.0,0.0,0.0,0.0,0.0,0.0,0.0,0.0,0.0,0.0,0.0,0.0,0.0,0.0,0.0,0.0,0.0,0.0,0.0,0.0,0.0,0.0,0.0,0.0,0.0,0.0,0.0,0.0,0.0,0.0,0.0,0.0,0.0,0.0,0.0,0.0,0.0,0.0,0.0,4.0
0.0,0.0,0.0,0.0,0.0,0.0,0.0,0.0,0.0,0.0,0.0,0.0,0.0,0.0,0.0,0.0,0.0,0.0,0.0,0.0,0.0,0.0,0.0,0.0,0.0,0.0,0.0,0.0,0.0,1.0,0.0,0.0,0.0,0.0,0.0,0.0,0.0,0.0,0.0,0.0,0.0,0.0,0.0,0.0,0.0,0.0,0.0,0.0,0.0,0.0,0.0,0.0,0.0,0.0,0.0,0.0,0.0,0.0,0.0,0.0,0.0,0.0,0.0,0.0,0.0,0.0,0.0,0.0,0.0,0.0,0.0,0.0,0.0,0.0,0.0,0.0,0.0,0.0,0.0,0.0,0.0,0.0,0.0,0.0,0.0,0.0,0.0,0.0,0.0,0.0,0.0,0.0,0.0,0.0,0.0,0.0,0.0,0.0,0.0,0.0,0.0,0.0,0.0,0.0,0.0,0.0,0.0,0.0,0.0,0.0,0.0,0.0,0.0,0.0,0.0,0.0,0.0,0.0,0.0,0.0,0.0,0.0,0.0,0.0,0.0,0.0,0.0,0.0,0.0,0.0,0.0,0.0,0.0,0.0,0.0,0.0,0.0,0.0,0.0,0.0,0.0,0.0,0.0,0.0,0.0,0.0,0.0,0.0,0.0,0.0,0.0,1.0
0.0,0.0,0.0,0.0,0.0,0.0,0.0,0.0,0.0,0.0,0.0,0.0,0.0,0.0,0.0,0.0,0.0,0.0,0.0,0.0,0.0,0.0,0.0,0.0,0.0,0.0,0.0,0.0,0.0,0.0,0.0,0.0,0.0,0.0,0.0,0.0,0.0,0.0,0.0,0.0,0.0,0.0,0.0,0.0,0.0,0.0,0.0,0.0,0.0,0.0,0.0,0.0,0.0,0.0,0.0,0.0,0.0,0.0,0.0,0.0,0.0,0.0,0.0,0.0,0.0,0.0,0.0,0.0,0.0,0.0,0.0,0.0,0.0,0.0,0.0,0.0,0.0,0.0,0.0,0.0,0.0,0.0,0.0,0.0,0.0,0.0,0.0,0.0,0.0,0.0,0.0,0.0,0.0,0.0,0.0,0.0,0.0,0.0,0.0,0.0,0.0,0.0,0.0,0.0,0.0,0.0,0.0,0.0,0.0,0.0,0.0,0.0,0.0,0.0,0.0,0.0,0.0,0.0,0.0,0.0,0.0,0.0,0.0,0.0,0.0,0.0,0.0,0.0,0.0,0.0,0.0,0.0,0.0,0.0,0.0,0.0,0.0,0.0,0.0,0.0,0.0,0.0,0.0,0.0,0.0,0.0,0.0,0.0,0.0,0.0,0.0,4.0
0.0,0.0,0.0,0.05834645017746052,0.0,0.986920013397039,0.0,0.0,0.0,0.0,0.0,0.0,0.0,0.0,0.0,0.0,0.0,0.0,0.0,0.0,0.0,0.0,0.0,0.0,0.0,0.0,0.0,0.0,0.0,0.0,0.1282793781435185,0.0,0.0,0.0,0.0,0.0,0.0,0.05497687634722221,0.0,0.0,0.0,0.0,0.017334900529654407,0.0,0.0,0.0,0.0,0.0,0.0,0.0,0.0,0.0,0.0,0.0,0.0,0.0,0.0,0.0,0.0,0.0,0.019448816725820172,0.0,0.0,0.0,0.0,0.0,0.0,0.02657581171095128,0.041490891793119836,0.0,0.0,0.0,0.0,0.0,0.0,0.0,0.0,0.0,0.0,0.0,0.0,0.0,0.0,0.0,0.0,0.0,0.0,0.0,0.0,0.0,0.0,0.0,0.0,0.0,0.0,0.0,0.0,0.0,0.0,0.0,0.0,0.0,0.0,0.0,0.0,0.0,0.0,0.0,0.0,0.0,0.0,0.0,0.0,0.0,0.0,0.0,0.0,0.0,0.0,0.0,0.0,0.0,0.0,0.0,0.0,0.0,0.0,0.0,0.0,0.0,0.0,0.0,0.0,0.0,0.0,0.0,0.0,0.0,0.0,0.0,0.0,0.0,0.0,0.0,0.0,0.0,0.0,0.0,0.0,0.0,0.0,0.0
0.0,0.0,0.0,0.0,0.0,0.0,0.0,0.0,0.0,0.0,0.0,0.0,0.0,0.0,0.0,0.0,0.0,0.0,0.0,0.0,0.0,0.0,0.0,0.0,0.0,0.0,0.0,0.0,0.0,1.0,0.0,0.0,0.0,0.0,0.0,0.0,0.0,0.0,0.0,0.0,0.0,0.0,0.0,0.0,0.0,0.0,0.0,0.0,0.0,0.0,0.0,0.0,0.0,0.0,0.0,0.0,0.0,0.0,0.0,0.0,0.0,0.0,0.0,0.0,0.0,0.0,0.0,0.0,0.0,0.0,0.0,0.0,0.0,0.0,0.0,0.0,0.0,0.0,0.0,0.0,0.0,0.0,0.0,0.0,0.0,0.0,0.0,0.0,0.0,0.0,0.0,0.0,0.0,0.0,0.0,0.0,0.0,0.0,0.0,0.0,0.0,0.0,0.0,0.0,0.0,0.0,0.0,0.0,0.0,0.0,0.0,0.0,0.0,0.0,0.0,0.0,0.0,0.0,0.0,0.0,0.0,0.0,0.0,0.0,0.0,0.0,0.0,0.0,0.0,0.0,0.0,0.0,0.0,0.0,0.0,0.0,0.0,0.0,0.0,0.0,0.0,0.0,0.0,0.0,0.0,0.0,0.0,0.0,0.0,0.0,0.0,1.0
0.2818409954532005,0.45349369655981997,0.8455229863596015,0.0,0.0,0.0,0.0,0.0,0.0,0.0,0.0,0.0,0.0,0.0,0.0,0.0,0.0,0.0,0.0,0.0,0.0,0.0,0.0,0.0,0.0,0.0,0.0,0.0,0.0,0.0,0.0,0.0,0.0,0.0,0.0,0.0,0.0,0.0,0.0,0.0,0.0,0.0,0.0,0.0,0.0,0.0,0.0,0.0,0.0,0.0,0.0,0.0,0.0,0.0,0.0,0.0,0.0,0.0,0.0,0.0,0.0,0.0,0.0,0.0,0.0,0.0,0.0,0.0,0.0,0.0,0.0,0.0,0.0,0.0,0.0,0.0,0.0,0.0,0.0,0.0,0.0,0.0,0.0,0.0,0.0,0.0,0.0,0.0,0.0,0.0,0.0,0.0,0.0,0.0,0.0,0.0,0.0,0.0,0.0,0.0,0.0,0.0,0.0,0.0,0.0,0.0,0.0,0.0,0.0,0.0,0.0,0.0,0.0,0.0,0.0,0.0,0.0,0.0,0.0,0.0,0.0,0.0,0.0,0.0,0.0,0.0,0.0,0.0,0.0,0.0,0.0,0.0,0.0,0.0,0.0,0.0,0.0,0.0,0.0,0.0,0.0,0.0,0.0,0.0,0.0,0.0,0.0,0.0,0.0,0.0,0.0,2.0
